Component,Explained Variance Ratio,Cumulative Explained Variance
1,0.668674134258404,0.668674134258404
2,0.14813009283026973,0.8168042270886737
3,0.11148715136154733,0.928291378450221
4,0.04692629860094553,0.9752176770511666
5,0.0209485133153132,0.9961661903664798
6,0.0038338096335201483,1.0
